train_AUC,valid_AUC,test_AUC
0.9395192556216077,0.9407114624505929,0.8818181818181818
