train_AUC,valid_AUC,test_AUC
0.6177629878521581,0.5948616600790514,0.5484848484848485
