train_AUC,valid_AUC,test_AUC
0.5371219953476352,0.5849802371541502,0.5454545454545454
